16788,-100,-2344
16808,-96,-2384
16784,-192,-2304
16924,-292,-2328
17120,-524,-2132
16968,-696,-2236
16960,-752,-1960
17012,-916,-2616
17268,-788,-2164
17144,-692,-2240
16976,-620,-2436
17040,-360,-2188
16736,-208,-2312
16740,-80,-2312
16748,-40,-2112
16704,52,-2244
16904,-32,-2076
16824,-180,-2164
16956,-316,-2348
16892,-412,-2200
16996,-584,-2400
17008,-640,-2416
16912,-504,-2412
16920,-472,-2268
17016,-560,-2148
17052,-544,-2232
16972,-460,-2232
17000,-368,-2096
16900,-360,-2048
16928,-420,-2208
17000,-504,-2464
16972,-692,-2288
16976,-644,-2536
16948,-556,-2180
17020,-616,-2136
17048,-444,-2248
17024,-620,-2228
16868,-420,-2248
16788,-192,-2188
16864,16,-1860
16340,416,-2040
17044,64,-2400
16648,-328,-2608
16524,-412,-2480
17108,-328,-2492
16928,-476,-2480
16756,-848,-2248
17488,-904,-2348
16980,-832,-1980
17036,-812,-1984
17308,-696,-1844
17088,-320,-1816
16988,-196,-1816
16904,-288,-2352
16688,-216,-2380
16584,-184,-2620
16632,-16,-2600
16616,-112,-2384
16872,-176,-2364
16796,-316,-2152
17032,-512,-1996
17164,-612,-2036
17128,-632,-1912
17104,-688,-1736
17244,-676,-2160
16988,-708,-2364
16884,-652,-2376
16732,-360,-2456
16816,-80,-2512
16776,56,-2340
16696,8,-2124
16824,-84,-2064
16840,-160,-2020
16920,-136,-2016
17116,-440,-2056
16952,-724,-2208
17120,-768,-2344
17120,-892,-2372
17068,-864,-2648
16988,-812,-2508
17020,-572,-2224
16920,-532,-2220
16972,-332,-2108
16948,0,-2164
16868,112,-1936
16752,48,-1960
16760,-4,-2124
16780,-268,-2340
16868,-384,-2440
16972,-540,-2520
17048,-748,-2380
17064,-740,-2392
17076,-792,-2160
17236,-824,-1996
17248,-624,-2040
17060,-536,-1808
17104,-532,-2024
16952,-296,-2052
16844,-44,-2180
16712,-44,-2244
16724,-136,-2736
16732,-72,-2468
16704,-224,-2524
16708,-292,-2344
16904,-344,-2192
16984,-400,-2080
17048,-540,-2132
17108,-776,-2036
17244,-724,-2036
17160,-700,-2048
16964,-720,-2184
17020,-576,-2364
16856,-468,-2460
16744,-288,-2548
16756,-288,-2532
16652,-24,-2444
16764,24,-2160
16720,-68,-2084
16876,-228,-2112
17028,-204,-2108
17088,-328,-2036
17092,-596,-2192
17004,-732,-2264
17012,-768,-2352
17000,-800,-2548
17000,-808,-2404
16860,-628,-2460
16996,-356,-2196
16856,-164,-2032
16880,-220,-1872
16840,-60,-2012
16848,-20,-2064
16780,-152,-2220
16744,-292,-2316
16816,-436,-2472
16952,-528,-2444
16900,-684,-2360
16956,-796,-2412
17112,-648,-2412
17044,-776,-2064
17036,-560,-1920
17116,-564,-2012
17000,-340,-1832
17008,-272,-2052
16780,-164,-2208
16732,-80,-2412
16676,-96,-2364
16700,-108,-2516
16736,-224,-2332
16920,-436,-2316
16912,-572,-2404
17024,-524,-2160
17128,-560,-1980
17124,-624,-1908
17248,-752,-2024
17132,-656,-2092
16936,-552,-2180
16924,-476,-2408
16896,-416,-2552
16756,-288,-2472
16644,-288,-2336
16788,-144,-2344
16740,-92,-2104
16888,-156,-2200
16940,-220,-2108
16924,-348,-2016
17088,-400,-2068
17080,-548,-2120
17100,-676,-2168
17004,-748,-2352
16988,-580,-2356
16888,-568,-2208
16940,-412,-2488
16892,-160,-2148
16752,-60,-2180
16812,-80,-2068
16856,8,-2088
16896,-132,-2224
16808,-296,-2248
16768,-436,-2412
16976,-480,-2480
16992,-596,-2336
17008,-620,-2388
17064,-584,-2236
17192,-664,-2348
17036,-612,-2028
17052,-556,-2160
16984,-324,-2072
16872,-224,-2036
16896,-156,-2044
16756,-160,-2280
16748,-184,-2408
16824,-320,-2364
16880,-300,-2404
16892,-360,-2380
16912,-384,-2196
17008,-528,-2176
16952,-536,-2088
17140,-588,-1916
17056,-500,-1924
17056,-524,-1948
16900,-552,-2100
16920,-412,-2428
16796,-336,-2428
16728,-364,-2596
16796,-172,-2428
16816,-120,-2340
16864,-180,-2272
16884,-308,-2236
16896,-348,-2012
17020,-372,-1920
17052,-544,-2040
17020,-580,-2056
16960,-660,-2280
17096,-600,-2252
16900,-744,-2232
16944,-588,-2272
16876,-460,-2396
16756,-424,-2316
16804,-220,-2040
16868,-80,-2228
16884,-100,-2064
16820,-164,-2092
16812,-212,-2108
16824,-240,-2080
17004,-488,-2408
16832,-564,-2460
16972,-596,-2336
17032,-628,-2228
16976,-688,-2288
17032,-720,-2048
16988,-448,-2148
16948,-360,-2160
16876,-340,-2088
16748,-224,-2188
16840,-188,-1964
16732,-92,-2144
16720,-188,-2380
16880,-268,-2364
16788,-384,-2440
16872,-440,-2392
16992,-604,-2288
16976,-560,-2284
16976,-448,-2092
17040,-612,-2012
17056,-500,-2108
17016,-488,-2064
16948,-508,-2152
16916,-416,-2316
16852,-340,-2492
16808,-244,-2524
16764,-252,-2392
16816,-264,-2340
16856,-172,-2448
16888,-352,-2164
16876,-264,-1904
17032,-460,-2052
17028,-456,-2064
17040,-576,-2120
17072,-620,-2212
17008,-668,-2228
16920,-476,-2264
16880,-532,-2392
16976,-484,-2324
16840,-340,-2120
16824,-228,-2116
16896,-240,-2136
16892,-172,-2020
16884,-196,-2036
16876,-276,-2268
16984,-432,-2124
16956,-500,-2316
16916,-616,-2380
16960,-744,-2352
17044,-632,-2276
16908,-516,-2160
16972,-484,-2180
17016,-372,-2208
16932,-320,-2012
16828,-216,-2120
16836,-260,-2180
16780,-232,-2176
16796,-288,-2292
16776,-304,-2276
16880,-424,-2392
16916,-468,-2312
17000,-524,-2292
16944,-616,-2332
17040,-536,-2008
17012,-588,-1952
17080,-496,-2132
17104,-460,-2148
16884,-412,-2076
16824,-348,-2256
16856,-296,-2364
16796,-260,-2448
16796,-356,-2392
16800,-228,-2408
16832,-188,-2232
16876,-348,-2120
16996,-420,-2140
17068,-436,-2108
17076,-500,-2032
17048,-664,-2076
17120,-648,-2212
17020,-656,-2176
16980,-632,-2316
16864,-420,-2308
16864,-464,-2340
16836,-336,-2192
16824,-260,-2252
16856,-172,-2200
16804,-116,-2096
16908,-208,-2036
16820,-336,-1984
17044,-380,-2248
16928,-552,-2140
16996,-536,-2428
16960,-656,-2528
16984,-580,-2288
16924,-680,-2328
16936,-568,-2208
16996,-476,-2324
16948,-328,-2064
16936,-292,-1992
16908,-256,-1960
16844,-200,-2180
16844,-188,-2268
16868,-300,-2376
16928,-416,-2364
16800,-412,-2496
17008,-540,-2216
17072,-536,-2380
17024,-572,-2160
17072,-524,-1956
16868,-564,-2276
17012,-480,-2020
17088,-416,-2024
16940,-372,-2300
16824,-320,-2256
16880,-372,-2448
16740,-256,-2376
16868,-304,-2352
16708,-328,-2292
16888,-328,-2228
16988,-412,-2212
17008,-532,-2008
17100,-440,-2048
16996,-536,-2180
17168,-500,-2120
17028,-560,-2200
17004,-508,-2436
16876,-480,-2288
16900,-568,-2424
16832,-380,-2328
16860,-268,-2372
16764,-288,-2328
16920,-140,-2088
16832,-212,-1952
16920,-264,-2044
16832,-344,-2108
16884,-408,-2068
17020,-496,-2256
16984,-600,-2220
16940,-560,-2336
17000,-592,-2380
16948,-628,-2088
17024,-528,-2388
16912,-524,-2324
16952,-356,-2072
16872,-204,-2064
16944,-340,-2152
16900,-216,-2180
16864,-340,-2296
16876,-352,-2308
16904,-428,-2400
16952,-472,-2264
17028,-612,-2272
16924,-676,-2236
16972,-576,-2280
17080,-532,-2084
16924,-468,-2076
17112,-408,-2220
16876,-368,-2072
16856,-268,-2256
16800,-272,-2496
16828,-288,-2272
16800,-320,-2228
16824,-344,-2400
16816,-348,-2372
16880,-452,-2216
16992,-488,-2080
16904,-396,-2040
17144,-560,-2104
17052,-468,-2096
17020,-424,-2192
16972,-528,-2304
16832,-516,-2200
16928,-468,-2480
16784,-440,-2332
16808,-272,-2232
16888,-164,-2372
16852,-236,-2024
16912,-148,-2280
16960,-284,-2004
16944,-424,-1932
16920,-480,-2180
17016,-456,-2108
17008,-572,-2284
17004,-552,-2232
16968,-492,-2348
16892,-508,-2320
16828,-484,-2284
17008,-284,-2180
16936,-284,-2112
16832,-240,-2156
16884,-116,-2104
16872,-236,-2152
16844,-220,-2204
16816,-460,-2356
16800,-480,-2412
16852,-528,-2284
17008,-532,-2336
16904,-488,-2252
17032,-528,-2016
16984,-412,-2104
17092,-492,-2068
16956,-408,-2000
16932,-352,-2180
16932,-248,-2196
16856,-304,-2252
16876,-276,-2288
16728,-296,-2360
16840,-380,-2296
16860,-356,-2320
16840,-420,-2224
16952,-460,-2100
16996,-368,-2136
16980,-408,-2052
16948,-576,-1932
16968,-452,-2084
16980,-508,-2208
16988,-548,-2304
16864,-524,-2260
16824,-424,-2444
16816,-504,-2288
16764,-264,-2480
16876,-312,-2204
16924,-384,-2292
16892,-300,-2320
16908,-324,-2232
16976,-380,-2052
17020,-380,-2116
16904,-492,-2096
17016,-548,-2136
17048,-512,-2200
16948,-516,-2280
16932,-456,-2476
17000,-488,-2296
16972,-324,-2100
16952,-348,-2108
16852,-204,-2168
16940,-304,-2224
16864,-304,-2184
16960,-348,-2260
16892,-344,-2212
16856,-440,-2428
16932,-440,-2380
16928,-468,-2220
16884,-524,-2104
17076,-496,-2308
16976,-372,-2240
16924,-392,-2028
17072,-364,-2088
16952,-412,-2116
16848,-324,-2268
16840,-324,-2152
16808,-308,-2388
17020,-424,-2436
16900,-500,-2552
16924,-412,-1956
16948,-400,-1992
16856,-520,-2368
16908,-412,-2256
17012,-460,-1956
17060,-504,-2068
17060,-492,-2076
17324,-424,-2004
16976,-568,-2680
16800,-532,-2200
16924,-448,-2072
16716,-384,-2620
16984,-316,-2284
16640,-240,-1868
16824,-316,-2440
16972,-392,-2092
16960,-372,-1904
16800,-236,-2240
17072,-260,-1948
16780,-460,-2220
17028,-520,-2104
16988,-632,-2236
16896,-528,-2468
17004,-572,-2412
17000,-404,-2260
16956,-380,-2052
16852,-296,-2136
16936,-284,-2104
17008,-296,-2220
16856,-248,-2084
16772,-304,-2136
16936,-372,-2300
16948,-412,-2284
16852,-492,-2304
16884,-460,-2480
16972,-480,-2300
16848,-448,-2144
16980,-576,-2272
16940,-392,-2224
17040,-436,-2084
16928,-344,-2104
16880,-308,-2080
16916,-248,-2176
16872,-276,-2360
16724,-344,-2192
16840,-340,-2388
16928,-340,-2400
16924,-420,-2344
17036,-412,-2348
16884,-500,-2128
16944,-448,-2120
17120,-484,-2036
17072,-504,-2152
16952,-488,-2192
16924,-452,-2412
16876,-444,-2224
16892,-364,-2252
16884,-464,-2396
16764,-288,-2324
16944,-288,-2228
16840,-276,-2180
16848,-320,-2100
17000,-448,-2116
16964,-404,-2136
16976,-464,-2124
16976,-572,-2324
16928,-500,-2164
16856,-520,-2312
16840,-452,-2328
16880,-504,-2188
16988,-400,-2144
16812,-344,-2300
16924,-264,-2148
16832,-308,-2248
16952,-304,-2240
16812,-344,-2120
16956,-256,-2256
16892,-432,-2516
16988,-428,-2344
16976,-448,-2232
16956,-480,-2300
16880,-516,-2316
16852,-560,-2216
16924,-528,-2304
16920,-464,-2208
16920,-380,-2264
16952,-380,-2188
16872,-384,-2160
16872,-412,-2256
16808,-324,-2152
16916,-364,-2244
16912,-340,-2452
16972,-476,-2324
16968,-476,-2188
16956,-436,-2176
16956,-488,-2136
16936,-504,-2168
17068,-520,-2176
16748,-396,-2080
16804,-380,-2268
16928,-496,-2040
16804,-380,-2320
16856,-292,-2288
16820,-216,-2260
16988,-336,-2272
16828,-444,-2312
16956,-360,-2176
16940,-312,-2208
16984,-484,-2220
16988,-460,-2204
16972,-548,-2236
16996,-408,-2000
16916,-476,-2324
16896,-436,-2416
16788,-432,-2204
16912,-432,-2120
16784,-480,-2300
16908,-260,-2160
16820,-260,-2084
16840,-336,-2172
16868,-416,-2248
16796,-336,-2160
16876,-484,-2308
16884,-428,-2376
16892,-508,-2304
16920,-512,-2208
16904,-428,-2268
16808,-548,-2240
16964,-384,-2160
16808,-408,-2140
16900,-460,-2192
16884,-372,-2160
16800,-364,-2248
16876,-340,-2016
17064,-376,-2308
16824,-440,-2240
16936,-456,-2168
16884,-392,-2164
17068,-476,-2248
16956,-636,-2364
16912,-568,-2240
16972,-568,-2056
17016,-432,-2116
16808,-400,-2104
16944,-432,-2020
16960,-192,-2136
16724,-200,-2268
16748,-356,-2496
16752,-216,-2392
16888,-340,-2204
17024,-436,-2148
16856,-428,-2148
17000,-596,-1824
17360,-632,-2140
17076,-592,-2440
17160,-520,-2240
16952,-448,-2248
16840,-260,-2344
16864,-336,-2200
16796,-160,-2368
16756,-104,-2304
16772,-284,-2076
16908,-276,-2160
16840,-400,-2064
17068,-424,-2224
17060,-516,-2188
17024,-640,-2200
17028,-584,-2192
16984,-524,-2068
16952,-588,-2340
17004,-592,-2224
16916,-416,-2272
16964,-296,-2144
16796,-292,-2184
16724,-276,-2040
16824,-268,-2172
16860,-412,-2140
16788,-344,-2248
16896,-496,-2188
17028,-548,-2168
16936,-488,-2204
17000,-656,-2288
17044,-516,-2068
16996,-544,-2152
16976,-452,-2148
16888,-428,-2120
16816,-328,-2216
16828,-304,-2352
16904,-328,-2304
16848,-268,-2136
16740,-288,-2216
16912,-272,-2196
16908,-264,-2116
16924,-328,-2176
16920,-308,-2116
16972,-560,-2040
16940,-564,-2204
16900,-564,-2140
16992,-684,-2192
16848,-504,-2252
16876,-420,-2248
16956,-392,-2204
16940,-324,-2196
16864,-288,-2152
16916,-308,-2216
16808,-344,-2252
16884,-368,-2144
16904,-280,-2304
16916,-348,-2276
16956,-348,-2148
16936,-556,-2296
17020,-564,-2208
17080,-496,-2108
16960,-460,-2184
16904,-476,-2184
16868,-444,-2112
16956,-440,-2284
16888,-404,-2260
16876,-388,-2220
16856,-308,-2204
16804,-312,-2132
16836,-436,-2216
16948,-364,-2300
16924,-328,-2196
16944,-396,-2316
16972,-448,-2316
16912,-484,-2300
17016,-520,-2084
17104,-488,-2192
17004,-428,-2152
16916,-472,-2152
17012,-480,-2340
16968,-484,-2368
16888,-472,-2328
16784,-400,-2240
16868,-232,-2224
16720,-184,-2248
16796,-300,-2288
16936,-288,-2228
16864,-364,-2224
16836,-272,-2072
16976,-272,-2240
16892,-280,-2172
16864,-424,-2100
16944,-384,-2104
16736,-276,-2456
16824,-276,-2284
16852,-336,-2284
16956,-556,-2168
17264,-676,-2120
17160,-704,-1808
16916,-664,-2436
17100,-724,-2128
17176,-792,-2036
16924,-712,-2204
17080,-452,-1964
16764,-144,-2188
16776,-204,-2244
16608,12,-2068
16664,20,-2372
16692,-56,-2408
16772,16,-2064
16720,-196,-2392
16924,-436,-1996
16972,-600,-2136
16980,-640,-2068
17188,-792,-2108
16952,-840,-2360
17228,-800,-2280
17060,-532,-2164
16900,-456,-2136
16888,-412,-2336
16828,-232,-2432
16788,0,-2276
16680,-128,-2332
16748,-104,-2344
16768,-60,-2164
16836,-196,-2200
16864,-384,-2196
16984,-452,-2260
17104,-532,-2168
17140,-748,-2144
17076,-824,-2260
17108,-756,-2248
17084,-560,-2216
16976,-548,-2268
16832,-424,-2272
16796,-232,-2224
16804,-32,-2188
16764,-88,-2280
16764,-112,-2272
16800,-80,-2040
16788,-228,-2276
16884,-452,-2332
16968,-564,-2092
17072,-652,-2200
17152,-768,-2112
17084,-840,-2124
17148,-684,-2148
17044,-604,-2020
17040,-580,-2260
16932,-300,-2228
16816,-172,-2332
16724,-88,-2336
16784,-124,-2296
16660,-120,-2168
16740,-252,-2336
16840,-352,-2256
16956,-404,-2352
17008,-572,-2152
16992,-720,-2088
17168,-776,-1984
17068,-648,-2140
17080,-684,-2212
17000,-732,-2232
16860,-508,-2176
16948,-392,-2216
16860,-200,-2308
16684,-60,-2152
16680,0,-2148
16744,-52,-2248
16836,-248,-2164
16808,-280,-2112
16916,-480,-2204
17096,-504,-2204
17036,-728,-2308
17100,-684,-2212
16984,-712,-2164
17156,-648,-2264
17040,-596,-2248
16932,-520,-2240
16752,-376,-2260
16896,-144,-2176
16800,-240,-2272
16696,-20,-2324
16780,-60,-2192
16752,-240,-2200
16784,-328,-2260
16980,-388,-2272
16972,-500,-2132
16928,-724,-2172
17160,-752,-2048
17060,-692,-2144
17028,-588,-2144
17060,-604,-2152
17020,-504,-2164
16908,-320,-2416
16816,-232,-2116
16664,-188,-2236
16772,-92,-2212
16764,-156,-2104
16840,-192,-2232
16760,-324,-2164
16844,-316,-2248
17088,-496,-2156
17044,-644,-2228
17112,-684,-2180
17064,-704,-1996
17172,-716,-2284
17016,-680,-2304
17020,-588,-2296
16956,-360,-2272
16900,-260,-2284
16764,-272,-2256
16792,-56,-2052
16788,24,-2224
16768,-160,-2172
16784,-372,-2412
16876,-304,-2296
16924,-368,-2412
17016,-440,-2144
17044,-612,-2144
17060,-612,-2076
17156,-676,-2060
16976,-704,-2184
16960,-460,-2200
16984,-424,-2132
16880,-340,-2240
16832,-280,-2156
16724,-156,-2200
16844,-88,-2184
16844,-200,-2300
16900,-240,-2164
16868,-288,-2220
16832,-460,-2256
16964,-488,-2288
16996,-592,-2256
17052,-568,-2224
16976,-604,-2208
17020,-672,-2188
17056,-620,-2356
16984,-544,-2120
16788,-376,-2108
16896,-244,-2208
16800,-148,-2252
16756,-116,-2256
16832,-180,-2164
16716,-168,-2392
16872,-188,-2272
16968,-444,-2188
16976,-496,-2028
16908,-536,-2176
17096,-680,-2144
17052,-664,-2264
17036,-632,-2304
16988,-440,-2052
16868,-380,-2284
16696,-220,-2360
16732,-156,-2344
16776,-128,-2316
16756,-216,-2396
16720,-164,-2220
16884,-268,-2188
16844,-420,-2172
16968,-452,-2168
16980,-452,-2344
17024,-672,-2184
17052,-632,-2064
17116,-712,-2172
16920,-544,-2400
17008,-564,-2180
16908,-544,-2228
16788,-340,-2300
16900,-128,-2228
16828,-172,-2240
16716,-188,-2128
16756,-180,-2196
16872,-328,-2188
16896,-420,-2156
16944,-432,-2092
16928,-520,-2252
16976,-720,-2268
17088,-604,-2148
16976,-664,-2368
17052,-688,-2148
16956,-516,-2192
16912,-456,-2140
16848,-220,-2204
16796,-324,-2200
16800,-164,-2280
16768,-180,-2260
16740,-64,-2252
16788,-188,-2160
16792,-316,-2312
16808,-372,-2260
16968,-548,-2096
16980,-644,-2380
17008,-596,-2104
17116,-568,-2116
16904,-664,-2204
17024,-584,-2064
16888,-392,-2272
16832,-324,-2264
16868,-336,-2184
16740,-180,-2256
16888,-32,-2260
16712,-104,-2184
16796,-312,-2284
16868,-416,-2116
16912,-464,-2032
17004,-584,-2280
17060,-576,-2208
17064,-536,-2096
16960,-652,-2364
17100,-588,-2176
16984,-548,-2260
16968,-400,-2224
16864,-424,-2108
16896,-268,-2296
16788,-244,-2208
16804,-56,-2024
16804,-140,-2180
16868,-324,-2364
16908,-468,-2244
16936,-344,-2160
16964,-528,-2312
16984,-496,-2180
16972,-588,-2292
17068,-640,-2244
17000,-592,-2044
16884,-576,-2336
16968,-400,-2172
16852,-416,-2188
16928,-324,-2052
16788,-356,-2184
16824,-144,-2304
16872,-188,-2428
16800,-252,-2168
16796,-472,-2356
16892,-368,-2344
16940,-488,-2180
16992,-504,-2228
16920,-636,-2176
17048,-548,-2136
16980,-580,-2296
17004,-560,-2364
16948,-548,-2308
16896,-412,-2212
16800,-400,-2220
16900,-184,-2280
16864,-268,-2428
16828,-252,-2324
16876,-264,-2228
16892,-328,-2328
16884,-420,-2252
16932,-528,-2132
16976,-540,-2400
16960,-584,-2104
17004,-596,-2100
16892,-564,-2248
16928,-568,-2296
16900,-488,-2392
16960,-276,-2232
16876,-320,-2128
16832,-228,-2080
16856,-260,-2248
16884,-296,-2076
16792,-428,-2220
16876,-340,-2244
16968,-408,-2188
16952,-572,-2092
16936,-528,-2376
16948,-620,-2200
17028,-548,-2240
17004,-536,-2300
16968,-544,-2392
16936,-380,-2064
16772,-264,-2156
16832,-284,-1992
16864,-248,-2324
16808,-248,-2064
16860,-276,-2204
16952,-344,-2400
16924,-388,-2032
16800,-348,-2108
17052,-532,-2160
16896,-500,-2232
16896,-504,-2216
16952,-592,-2196
17028,-712,-2148
16988,-440,-2192
16976,-408,-2012
16952,-372,-2180
16900,-228,-2232
16808,-296,-2240
16780,-236,-2320
16916,-240,-2380
17004,-196,-2300
16788,-392,-2172
16916,-288,-2268
17000,-516,-2052
16908,-552,-2260
16968,-564,-2248
17036,-592,-2292
16976,-604,-2136
16904,-452,-2396
16900,-528,-2236
16880,-456,-2300
16896,-340,-2200
16752,-248,-2188
16852,-204,-2156
16800,-300,-2040
16844,-200,-2116
16924,-328,-2152
16892,-348,-2396
16780,-424,-2060
16956,-420,-2404
16416,-496,-1928
17460,-576,-2500
16972,-504,-1804
16360,-432,-2512
17296,-632,-2464
17004,-300,-1792
16660,-340,-2128
16960,-300,-2468
16828,-292,-2220
16688,-324,-2384
16908,-244,-2164
16808,-364,-2336
16924,-204,-2192
16884,-384,-2332
16740,-428,-2252
17092,-488,-2084
16896,-452,-2140
16800,-544,-2132
17060,-520,-2140
17032,-548,-2028
16880,-456,-2108
17008,-448,-2232
16824,-452,-2364
16872,-380,-2188
16916,-344,-2216
16740,-216,-2132
16896,-360,-2368
16872,-240,-2256
16848,-344,-2164
16952,-356,-2032
16944,-420,-2264
16864,-436,-2256
17040,-552,-2108
16888,-588,-2212
16940,-564,-2284
16900,-500,-2228
16848,-504,-1968
16784,-420,-2480
16976,-300,-2148
16856,-332,-2212
16888,-280,-2076
16920,-188,-2180
16868,-364,-2248
16792,-420,-2360
16796,-444,-2224
17044,-476,-2276
16968,-432,-2228
16952,-524,-2116
16956,-412,-2188
16940,-460,-2132
16856,-572,-2188
16952,-376,-2204
16948,-468,-2196
16876,-372,-2088
16796,-428,-2248
16916,-360,-2364
16876,-356,-2324
16816,-352,-2368
16988,-308,-2304
16888,-316,-2284
16896,-524,-2168
16980,-412,-2028
16956,-508,-2144
17072,-492,-2256
17032,-456,-2192
16936,-432,-2232
16792,-492,-2240
16872,-416,-2220
16880,-388,-2316
16852,-316,-2260
16864,-268,-2080
16904,-328,-2196
16844,-428,-2108
16872,-356,-2228
16972,-336,-2312
16996,-444,-2232
16916,-404,-2128
16968,-460,-2240
17004,-520,-2368
16932,-520,-2244
16972,-480,-2172
17036,-508,-2136
16944,-408,-2132
16936,-376,-2120
16976,-396,-2048
16960,-284,-2180
16792,-320,-2300
16896,-284,-2048
16820,-372,-2264
16920,-436,-2344
16916,-436,-2128
16932,-624,-2372
16936,-448,-2220
16840,-452,-2120
17012,-340,-2076
16900,-464,-2120
16932,-492,-2192